<metadata xml:lang="en"><Esri><CreaDate>20130807</CreaDate><CreaTime>11151100</CreaTime><ArcGISFormat>1.0</ArcGISFormat><ArcGISstyle>FGDC CSDGM Metadata</ArcGISstyle><SyncOnce>FALSE</SyncOnce><DataProperties><lineage><Process ToolSource="C:\Program Files\ArcGIS\Desktop10.0\ArcToolbox\Toolboxes\Data Management Tools.tbx\CalculateField" Date="20130807" Time="111511" Name="" export="">CalculateField Terrestrial Site_Name "null" VB #</Process><Process ToolSource="c:\program files (x86)\arcgis\desktop10.1\ArcToolbox\Toolboxes\Data Management Tools.tbx\Merge" Date="20130812" Time="112553" Name="" export="">Merge Terrestrial;Marine U:\HeatFlow_Final_Final\Global\Global.shp "OBJECTID "OBJECTID" true true false 9 Long 0 9 ,First,#,Terrestrial,OBJECTID,-1,-1,Marine,OBJECTID,-1,-1;Data_Numbe "Data_Numbe" true true false 254 Text 0 0 ,First,#,Terrestrial,Data_Numbe,-1,-1,Marine,Data_Numbe,-1,-1;Codes "Codes" true true false 254 Text 0 0 ,First,#,Terrestrial,Codes,-1,-1,Marine,Codes,-1,-1;Site_Name "Site_Name" true true false 254 Text 0 0 ,First,#,Terrestrial,Site_Name,-1,-1,Marine,Site_Name,-1,-1;Latitude "Latitude" true true false 19 Double 0 0 ,First,#,Terrestrial,Latitude,-1,-1,Marine,Latitude,-1,-1;Longitude "Longitude" true true false 19 Double 0 0 ,First,#,Terrestrial,Longitude,-1,-1,Marine,Longitude,-1,-1;Elevation "Elevation" true true false 19 Double 0 0 ,First,#,Terrestrial,Elevation,-1,-1,Marine,Elevation,-1,-1;minD "minD" true true false 19 Double 0 0 ,First,#,Terrestrial,minD,-1,-1,Marine,minD,-1,-1;maxD "maxD" true true false 19 Double 0 0 ,First,#,Terrestrial,maxD,-1,-1,Marine,maxD,-1,-1;No__Temps "No__Temps" true true false 19 Double 0 0 ,First,#,Terrestrial,No__Temps,-1,-1,Marine,No__Temps,-1,-1;Gradient "Gradient" true true false 19 Double 0 0 ,First,#,Terrestrial,Gradient,-1,-1,Marine,Gradient,-1,-1;No__Cond_ "No__Cond_" true true false 19 Double 0 0 ,First,#,Terrestrial,No__Cond_,-1,-1,Marine,No__Cond_,-1,-1;Conductivi "Conductivi" true true false 19 Double 0 0 ,First,#,Terrestrial,Conductivi,-1,-1,Marine,Conductivi,-1,-1;No_Heat_Pr "No_Heat_Pr" true true false 254 Text 0 0 ,First,#,Terrestrial,No_Heat_Pr,-1,-1,Marine,No_Heat_Pr,-1,-1;Heat_Prod_ "Heat_Prod_" true true false 254 Text 0 0 ,First,#,Terrestrial,Heat_Prod_,-1,-1,Marine,Heat_Prod_,-1,-1;Heat_Flow "Heat_Flow" true true false 19 Double 0 0 ,First,#,Terrestrial,Heat_Flow,-1,-1,Marine,Heat_Flow,-1,-1;No__sites "No__sites" true true false 254 Text 0 0 ,First,#,Terrestrial,No__sites,-1,-1,Marine,No__sites,-1,-1;Year_of_Pu "Year_of_Pu" true true false 19 Double 0 0 ,First,#,Terrestrial,Year_of_Pu,-1,-1,Marine,Year_of_Pu,-1,-1;Reference "Reference" true true false 254 Text 0 0 ,First,#,Terrestrial,Reference,-1,-1,Marine,Reference,-1,-1;Comments "Comments" true true false 254 Text 0 0 ,First,#,Terrestrial,Comments,-1,-1,Marine,Comments,-1,-1;Comments2 "Comments2" true true false 254 Text 0 0 ,First,#,Terrestrial,Comments2,-1,-1,Marine,Comments2,-1,-1"</Process></lineage><itemProps><itemSize Sync="TRUE">1.660</itemSize><itemName Sync="TRUE">Global</itemName><imsContentType Sync="TRUE">002</imsContentType><nativeExtBox><westBL Sync="TRUE">-179.967000</westBL><eastBL Sync="TRUE">180.000000</eastBL><southBL Sync="TRUE">-88.375000</southBL><northBL Sync="TRUE">89.615000</northBL><exTypeCode Sync="TRUE">1</exTypeCode></nativeExtBox><itemLocation><linkage Sync="TRUE">file://\\Geog_storage\cart\HeatFlow_Final_Final\Global\Global.shp</linkage><protocol Sync="TRUE">Local Area Network</protocol></itemLocation></itemProps><coordRef><type Sync="TRUE">Geographic</type><geogcsn Sync="TRUE">GCS_WGS_1984</geogcsn><csUnits Sync="TRUE">Angular Unit: Degree (0.017453)</csUnits><peXml Sync="TRUE">&lt;GeographicCoordinateSystem xsi:type='typens:GeographicCoordinateSystem' xmlns:xsi='http://www.w3.org/2001/XMLSchema-instance' xmlns:xs='http://www.w3.org/2001/XMLSchema' xmlns:typens='http://www.esri.com/schemas/ArcGIS/10.0'&gt;&lt;WKT&gt;GEOGCS[&amp;quot;GCS_WGS_1984&amp;quot;,DATUM[&amp;quot;D_WGS_1984&amp;quot;,SPHEROID[&amp;quot;WGS_1984&amp;quot;,6378137.0,298.257223563]],PRIMEM[&amp;quot;Greenwich&amp;quot;,0.0],UNIT[&amp;quot;Degree&amp;quot;,0.0174532925199433],AUTHORITY[&amp;quot;EPSG&amp;quot;,4326]]&lt;/WKT&gt;&lt;XOrigin&gt;-399.99999999999989&lt;/XOrigin&gt;&lt;YOrigin&gt;-399.99999999999989&lt;/YOrigin&gt;&lt;XYScale&gt;11258999068426.24&lt;/XYScale&gt;&lt;ZOrigin&gt;-100000&lt;/ZOrigin&gt;&lt;ZScale&gt;10000&lt;/ZScale&gt;&lt;MOrigin&gt;-100000&lt;/MOrigin&gt;&lt;MScale&gt;10000&lt;/MScale&gt;&lt;XYTolerance&gt;8.9831528411952133e-009&lt;/XYTolerance&gt;&lt;ZTolerance&gt;0.001&lt;/ZTolerance&gt;&lt;MTolerance&gt;0.001&lt;/MTolerance&gt;&lt;HighPrecision&gt;true&lt;/HighPrecision&gt;&lt;LeftLongitude&gt;-180&lt;/LeftLongitude&gt;&lt;WKID&gt;4326&lt;/WKID&gt;&lt;/GeographicCoordinateSystem&gt;</peXml></coordRef></DataProperties><SyncDate>20130812</SyncDate><SyncTime>11495500</SyncTime><ModDate>20130812</ModDate><ModTime>11503400</ModTime><ArcGISProfile>FGDC</ArcGISProfile></Esri><idinfo><descript><abstract>Global heat flow data are maintained by the International Heat Flow Commission (IHFC) of the International Association of Seismology and Physics of the Earth's Interior (IASPEI).</abstract><langdata>English (United States)</langdata><purpose>GIS component of the Global Heat Flow project of the AAPGF-OSU Geoscience GIS Consortium.</purpose></descript><ptcontac><cntinfo><cntorgp><cntorg>AAPG Datapages</cntorg></cntorgp><cntpos>GIS Team</cntpos><cntinst>You may find more information about the AAPGF-OSU Geoscience GIS Consortium and its projects at www.datapages.com.  Global Heat Flow Principal Investigator: Dr. William Gosnold</cntinst><cntemail>GISConsortium@aapg.org</cntemail></cntinfo></ptcontac><useconst>Copyright 2013 by AAPG.</useconst><datacred>The International Heat Flow Commission (IHFC) of the International Association of Seismology and Physics of the Earth's Interior (IASPEI).</datacred><natvform>spreadsheet</natvform><native>Microsoft Windows 7 Version 6.1 (Build 7601) Service Pack 1; ESRI ArcGIS 10.0.5.4400</native><citation><citeinfo><title>Terrestrial</title><edition>Compilation by Derrick Hasterok</edition><othercit>This new compilation was provided by Derrick Hasterok and has been modified from its original form to fit the data structure of the current IHFC database.

Previous compilations of the data were provided by Lee and Uyeda (1965), Simmons and Horai (1968), Jessop, Hobart, and Sclater (1975), and Pollack, Hurter, and Johnson, 1993.</othercit><origin>The International Heat Flow Commission</origin><origin>Derrick Hasterok</origin><origin>A.M. Jessop</origin><origin>M.A. Hobart</origin><origin>J.G. Sclater</origin><onlink>http://www.heatflow.und.edu/index2.html</onlink><pubinfo><publish>AAPG Datapages</publish><pubplace>Tulsa, Oklahoma</pubplace></pubinfo></citeinfo></citation><spdom><bounding><westbc Sync="TRUE">-168.625</westbc><eastbc Sync="TRUE">179.4117</eastbc><northbc Sync="TRUE">81.1136000000001</northbc><southbc Sync="TRUE">-88.3749999999999</southbc></bounding></spdom></idinfo><eainfo><detailed Name="Global"><enttyp><enttypt>Feature Class</enttypt><enttypc>649</enttypc><enttypds>From the 'global' spreadsheet on the website</enttypds><enttypl Sync="TRUE">Global</enttypl></enttyp><attr><attrlabl>FID</attrlabl><attalias>FID</attalias><attrdef>Internal feature number.</attrdef><attrdefs>ESRI</attrdefs><attrtype>OID</attrtype><attwidth>4</attwidth><atprecis>0</atprecis><attscale>0</attscale><attrdomv><udom>Sequential unique whole numbers that are automatically generated.</udom></attrdomv></attr><attr><attrlabl>Shape</attrlabl><attalias>Shape</attalias><attrdef>Feature geometry.</attrdef><attrdefs>ESRI</attrdefs><attrtype>Geometry</attrtype><attwidth>0</attwidth><atprecis>0</atprecis><attscale>0</attscale><attrdomv><udom>Coordinates defining the features.</udom></attrdomv></attr><attr><attrlabl>OBJECTID</attrlabl><attalias>OBJECTID</attalias><attrtype>Integer</attrtype><attwidth>9</attwidth><atprecis>9</atprecis><attscale>0</attscale></attr><attr><attrlabl>Data_Numbe</attrlabl><attalias>Data_Numbe</attalias><attrdef>Item Number</attrdef><attrdefs>The World Heat Flow Data Collection - 1975</attrdefs><attrtype>String</attrtype><attwidth>254</attwidth><atprecis>0</atprecis><attscale>0</attscale><attrvai><attrvae>Each item has been allocated a five-digit number except where sites are close together. Closely spaced sites are grouped under a single item number and individual sites follow and are allocated a letter. Item numbers are purely arbitrary; they do not correspond to any previous list, and will probably not remain the same in future lists. The normal criterion for grouping has been a spacing of less than 10 km and a similar geological environment. It has not always been possible to apply this rigorously, particularly where measurements have been made in lines of more than 10 km, and some arbitrary decisions have been necessary. Oceanic data have not been grouped.</attrvae></attrvai></attr><attr><attrlabl>Codes</attrlabl><attalias>Codes</attalias><attrdef>Descriptive Code</attrdef><attrdefs>The World Heat Flow Data Collection - 1975</attrdefs><attrtype>String</attrtype><attwidth>254</attwidth><atprecis>0</atprecis><attscale>0</attscale><attrvai><attrvae>The system of descriptive codes developed by Lee and Uyeda (1965) has been continued with some modification. Notes are to be found below and details are presented in Tables 2 - 8.</attrvae></attrvai></attr><attr><attrlabl>Site_Name</attrlabl><attalias>Site_Name</attalias><attrdef>Name of Site</attrdef><attrdefs>The World Heat Flow Data Collection - 1975</attrdefs><attrtype>String</attrtype><attwidth>254</attwidth><atprecis>0</atprecis><attscale>0</attscale><attrvai><attrvae>The name is included for ease of recognition. It is not essential to the data, but it is a great help in compilation, verification and reading. Only eight characters are provided, and some abbreviation has been necessary.</attrvae></attrvai></attr><attr><attrlabl>Latitude</attrlabl><attalias>Latitude</attalias><attrdef>Latitude</attrdef><attrdefs>The World Heat Flow Data Collection - 1975</attrdefs><attrtype>Double</attrtype><attwidth>19</attwidth><atprecis>0</atprecis><attscale>0</attscale><attrvai><attrvae>Although it is pointless to report heat flow results without specifying the position of the sites, it is surprising how many authors have omitted this information. Missing coordinates have been inserted by the compilers whenever possible, but otherwise the data have been omitted. It would be helpful if future writers would avoid using national grid systems or longitude based on anything but Greenwich, since these cannot always be readily translated by compilers or users.</attrvae></attrvai></attr><attr><attrlabl>Longitude</attrlabl><attalias>Longitude</attalias><attrdef>Longitude</attrdef><attrdefs>The World Heat Flow Data Collection - 1975</attrdefs><attrtype>Double</attrtype><attwidth>19</attwidth><atprecis>0</atprecis><attscale>0</attscale><attrvai><attrvae>Although it is pointless to report heat flow results without specifying the position of the sites, it is surprising how many authors have omitted this information. Missing coordinates have been inserted by the compilers whenever possible, but otherwise the data have been omitted. It would be helpful if future writers would avoid using national grid systems or longitude based on anything but Greenwich, since these cannot always be readily translated by compilers or users.</attrvae></attrvai></attr><attr><attrlabl>Elevation</attrlabl><attalias>Elevation</attalias><attrdef>Elevation (meters)</attrdef><attrdefs>The World Heat Flow Data Collection - 1975</attrdefs><attrtype>Double</attrtype><attwidth>19</attwidth><atprecis>0</atprecis><attscale>0</attscale><attrvai><attrvae>Elevation is less important than horizontal coordinates, but it completes the specification of position. The elevation of the solid surface at the measuring point is recorded, whether it be dry land, sea bed or lake bed.</attrvae></attrvai></attr><attr><attrlabl>minD</attrlabl><attalias>minD</attalias><attrdef>Minimum Depth Interval / Water Depth (meters)</attrdef><attrdefs>The World Heat Flow Data Collection - 1975</attrdefs><attrtype>Double</attrtype><attwidth>19</attwidth><atprecis>0</atprecis><attscale>0</attscale><attrvai><attrvae>(On Land) The minimum depth from which data were taken and used for calculating heat flow provides an indication of quality. (In Lakes) This column gives the depth of water at the measurement site. It is not needed for oceanic measurements, since depth is the inverse of elevation, which is given in column 6.</attrvae></attrvai></attr><attr><attrlabl>maxD</attrlabl><attalias>maxD</attalias><attrdef>Maximum Depth Interval / Penetration (meters)</attrdef><attrdefs>The World Heat Flow Data Collection - 1975</attrdefs><attrtype>Double</attrtype><attwidth>19</attwidth><atprecis>0</atprecis><attscale>0</attscale><attrvai><attrvae>(On Land) The maximum depth from which data were taken and used for calculating heat flow provides an indication of quality. (In Lakes and Oceans) Penetration is the equivalent of factor 8 for land measurements, since it gives the maximum depth of temperature measurement.</attrvae></attrvai></attr><attr><attrlabl>No__Temps</attrlabl><attalias>No__Temps</attalias><attrdef>Number of Temperature Data</attrdef><attrdefs>The World Heat Flow Data Collection - 1975</attrdefs><attrtype>Double</attrtype><attwidth>19</attwidth><atprecis>0</atprecis><attscale>0</attscale><attrvai><attrvae>This number shows how many temperature points were used in the calculation of temperature gradient, and is included as a quality indicator.</attrvae></attrvai></attr><attr><attrlabl>Gradient</attrlabl><attalias>Gradient</attalias><attrdef>Temperature Gradient (mK/m)</attrdef><attrdefs>The World Heat Flow Data Collection - 1975</attrdefs><attrtype>Double</attrtype><attwidth>19</attwidth><atprecis>0</atprecis><attscale>0</attscale><attrvai><attrvae>Temperature gradient is only recorded if it is reasonably uniform over the interval of measurement. It is not corrected for climatic change or any other disturbance unless the author has presented it in a corrected form.</attrvae></attrvai></attr><attr><attrlabl>No__Cond_</attrlabl><attalias>No__Cond_</attalias><attrdef>Number of Conductivity Measurements</attrdef><attrdefs>The World Heat Flow Data Collection - 1975</attrdefs><attrtype>Double</attrtype><attwidth>19</attwidth><atprecis>0</atprecis><attscale>0</attscale><attrvai><attrvae>This number is also a quality indicator. Where conductivity has been estimated by rock type or from previously existing data from adjacent sites this number has been set as zero, whereas a blank signifies lack of information.</attrvae></attrvai></attr><attr><attrlabl>Conductivi</attrlabl><attalias>Conductivi</attalias><attrdef>Average Conductivity (W/mK)</attrdef><attrdefs>The World Heat Flow Data Collection - 1975</attrdefs><attrtype>Double</attrtype><attwidth>19</attwidth><atprecis>0</atprecis><attscale>0</attscale><attrvai><attrvae>Conductivity has only been recorded if the individual values are reasonably uniform or if the borehole penetrates a single rock-type.</attrvae></attrvai></attr><attr><attrlabl>No_Heat_Pr</attrlabl><attalias>No_Heat_Pr</attalias><attrdef>Number of Heat Generation Measurements</attrdef><attrdefs>The World Heat Flow Data Collection - 1975</attrdefs><attrtype>String</attrtype><attwidth>254</attwidth><atprecis>0</atprecis><attscale>0</attscale><attrvai><attrvae>This number records the number of samples used for analysis of heat production by radioactive decay. The sample may be from the drill core or from representative samples from surrounding areas that have been associated with the heat flow site by the authors.</attrvae></attrvai></attr><attr><attrlabl>Heat_Prod_</attrlabl><attalias>Heat_Prod_</attalias><attrdef>Average Heat Production / Bottom-Water Temperature (W/m3 (On Land) or ⁰C (In Oceans or Lakes))</attrdef><attrdefs>The World Heat Flow Data Collection - 1975</attrdefs><attrtype>String</attrtype><attwidth>254</attwidth><atprecis>0</atprecis><attscale>0</attscale><attrvai><attrvae>(On Land) The figure recorded here is the value chosen by the author to represent the upper crust at the heat flow site. (In Oceans) A few authors have reported the temperature of the water immediately above the ocean floor. This may be regarded as an indicator of the possibility of significant temperature fluctuation. See Code 7, Table 8. (In Lakes) Bottom-water temperature and its variability is an important factor in lake measurements, but there may also be associated heat generation data. To avoid confusion, column 13 contains the letter W (for water) when bottom water temperature is given in column 14, and column 13 contains a number or is blank when heat generation is given. Since lake measurements are often grouped it is possible to give heat generation data with the group summary and water temperature with the sub-items. Only in lake measurements, indicated by K or L in code 3 is this distinction applied.</attrvae></attrvai></attr><attr><attrlabl>Heat_Flow</attrlabl><attalias>Heat_Flow</attalias><attrdef>Heat Flow (mW/m^2)</attrdef><attrdefs>The World Heat Flow Data Collection - 1975</attrdefs><attrtype>Double</attrtype><attwidth>19</attwidth><atprecis>0</atprecis><attscale>0</attscale><attrvai><attrvae>The compilation of heat flow data is the prime purpose of this work. A few items are included without heat flow data, but these include a bottom-water temperature. Land values are always given to the nearest 1.0 mW/m, which permits an uncertainty of 1% of the average value and is always adequate, Ocean values are given to 0.1 mW/m, since differences of this order may be significant between measurements made in sequence, with the same equipment, in closely spaced surveys. Measurements where this precision is justified are a small minority, and in no item is the absolute value of heat flow accurate to this level. The plus sign (+) in front of some heat flow values is substituted for the greater than (&gt;) symbol in order to provide computer compatibility for formatted data. A negative sign (-) before the heat flow value indicates that the heat flow is negative.</attrvae></attrvai></attr><attr><attrlabl>No__sites</attrlabl><attalias>No__sites</attalias><attrdef>Number of Individual Sites</attrdef><attrdefs>The World Heat Flow Data Collection - 1975</attrdefs><attrtype>String</attrtype><attwidth>254</attwidth><atprecis>0</atprecis><attscale>0</attscale><attrvai><attrvae>This number is one except where grouping has occurred, and it is left blank in sub-items. Some authors have reported results based on several holes, but do not give sufficient data to allow the listing of individual sites. In such situations the sub-items have been omitted, so it must not be assumed that an item having a number greater than one will always be followed by the appropriate number of sub-items.</attrvae></attrvai></attr><attr><attrlabl>Year_of_Pu</attrlabl><attalias>Year_of_Pu</attalias><attrdef>Date of Publication</attrdef><attrdefs>The World Heat Flow Data Collection - 1975</attrdefs><attrtype>Double</attrtype><attwidth>19</attwidth><atprecis>0</atprecis><attscale>0</attscale><attrvai><attrvae>The year of publication are recorded as an indicator of the age of the data in computer-accessible form. This information is also included in the references.</attrvae></attrvai></attr><attr><attrlabl>Reference</attrlabl><attalias>Reference</attalias><attrdef>Reference</attrdef><attrdefs>The World Heat Flow Data Collection - 1975</attrdefs><attrtype>String</attrtype><attwidth>254</attwidth><atprecis>0</atprecis><attscale>0</attscale><attrvai><attrvae>This number gives the source of the data according to the bibliography that follows the data list. The lists of Lee and Uyeda (1965), and Simmons and Horai (1968), have been combined with the new references and numbered in alphabetical order.</attrvae></attrvai></attr><attr><attrlabl>Comments</attrlabl><attalias>Comments</attalias><attrdef>Reference</attrdef><attrdefs>The World Heat Flow Data Collection - 1975</attrdefs><attrtype>String</attrtype><attwidth>254</attwidth><atprecis>0</atprecis><attscale>0</attscale><attrvai><attrvae>This number gives the source of the data according to the bibliography that follows the data list. The lists of Lee and Uyeda (1965), and Simmons and Horai (1968), have been combined with the new references and numbered in alphabetical order.</attrvae></attrvai></attr><attr><attrlabl>Comments2</attrlabl><attalias>Comments2</attalias><attrdef>Unknown</attrdef><attrtype>String</attrtype><attwidth>254</attwidth><atprecis>0</atprecis><attscale>0</attscale><attrvai><attrvae>This column was included in the spreadsheet on the IHFC website, but there is no explanation on the website or in the document from 1975.</attrvae></attrvai></attr></detailed></eainfo><distInfo><distTranOps><transSize Sync="TRUE">1.660</transSize></distTranOps><distFormat><formatName Sync="TRUE">Shapefile</formatName></distFormat></distInfo><metainfo><langmeta Sync="TRUE">en</langmeta><metd Sync="TRUE">20130808</metd></metainfo><spref><horizsys><cordsysn><geogcsn Sync="TRUE">GCS_WGS_1984</geogcsn></cordsysn><geodetic><horizdn Sync="TRUE">D_WGS_1984</horizdn><ellips Sync="TRUE">WGS_1984</ellips><semiaxis Sync="TRUE">6378137</semiaxis></geodetic></horizsys></spref><spatRepInfo><VectSpatRep><geometObjs Name="Global"><geoObjTyp><GeoObjTypCd value="004" Sync="TRUE"/></geoObjTyp><geoObjCnt Sync="TRUE">62144</geoObjCnt></geometObjs><topLvl><TopoLevCd value="001" Sync="TRUE"/></topLvl></VectSpatRep></spatRepInfo><spdoinfo><ptvctinf><esriterm><efeatyp Sync="TRUE">Simple</efeatyp><efeageom code="1" Sync="TRUE"/><esritopo Sync="TRUE">FALSE</esritopo><efeacnt Sync="TRUE">62144</efeacnt><spindex Sync="TRUE">TRUE</spindex><linrefer Sync="TRUE">FALSE</linrefer></esriterm></ptvctinf></spdoinfo><dataIdInfo><envirDesc Sync="TRUE">Microsoft Windows 7 Version 6.1 (Build 7601) Service Pack 1; ESRI ArcGIS 10.0.5.4400</envirDesc><dataLang><languageCode value="eng" Sync="TRUE"/><countryCode value="USA" Sync="TRUE"/></dataLang><idCitation><resTitle Sync="TRUE">Global</resTitle><presForm><PresFormCd value="005" Sync="TRUE"/></presForm></idCitation><spatRpType><SpatRepTypCd value="001" Sync="TRUE"/></spatRpType><dataExt><geoEle><GeoBndBox esriExtentType="search"><exTypeCode Sync="TRUE">1</exTypeCode><westBL Sync="TRUE">-179.967000</westBL><eastBL Sync="TRUE">180.000000</eastBL><northBL Sync="TRUE">89.615000</northBL><southBL Sync="TRUE">-88.375000</southBL></GeoBndBox></geoEle></dataExt><idPurp>GIS component of the Global Heat Flow project of the AAPGF-OSU Geoscience GIS Consortium.</idPurp><idAbs>&lt;DIV STYLE="text-align:Left;"&gt;&lt;DIV&gt;&lt;DIV&gt;&lt;P&gt;&lt;SPAN&gt;Global heat flow data are maintained by the International Heat Flow Commission (IHFC) of the International Association of Seismology and Physics of the Earth's Interior (IASPEI).&lt;/SPAN&gt;&lt;/P&gt;&lt;/DIV&gt;&lt;/DIV&gt;&lt;/DIV&gt;</idAbs><idCredit>The International Heat Flow Commission (IHFC) of the International Association of Seismology and Physics of the Earth's Interior (IASPEI).</idCredit><searchKeys><keyword>Global heat flow</keyword><keyword>Hasterok</keyword><keyword>Jessop</keyword><keyword>Hobart</keyword><keyword>Sclater</keyword><keyword>Gosnold</keyword><keyword>IHFC</keyword><keyword>International Heat Flow Commission</keyword><keyword>International Association of Seismology and Physics of the Earth's Interior</keyword><keyword>IASPEI</keyword><keyword>terrestrial</keyword><keyword>land</keyword><keyword>global</keyword><keyword>water</keyword><keyword>ocean</keyword><keyword>sea</keyword></searchKeys><resConst><Consts><useLimit>&lt;DIV STYLE="text-align:Left;"&gt;&lt;DIV&gt;&lt;DIV&gt;&lt;P&gt;&lt;SPAN&gt;Copyright 2013 by AAPG.&lt;/SPAN&gt;&lt;/P&gt;&lt;/DIV&gt;&lt;/DIV&gt;&lt;/DIV&gt;</useLimit></Consts></resConst></dataIdInfo><mdLang><languageCode value="eng" Sync="TRUE"/><countryCode value="USA" Sync="TRUE"/></mdLang><mdHrLv><ScopeCd value="005" Sync="TRUE"/></mdHrLv><mdHrLvName Sync="TRUE">dataset</mdHrLvName><refSysInfo><RefSystem><refSysID><identCode code="4326" Sync="TRUE" value="4326"/><idCodeSpace Sync="TRUE">EPSG</idCodeSpace><idVersion Sync="TRUE">7.4.1</idVersion></refSysID></RefSystem></refSysInfo><mdDateSt Sync="TRUE">20130812</mdDateSt></metadata>
